{"data_time": 0.001313384622335434, "eta_seconds": 1742.4529874883592, "fast_rcnn/cls_accuracy": 0.87890625, "fast_rcnn/false_negative": 1.0, "fast_rcnn/fg_cls_accuracy": 0.0, "iteration": 19, "loss_box_reg": 0.1398598775267601, "loss_cls": 0.9700717329978943, "loss_mask": 0.6191648244857788, "loss_rpn_cls": 0.19168619066476822, "loss_rpn_loc": 0.02820685412734747, "lr": 0.00039962, "mask_rcnn/accuracy": 0.7940715348639455, "mask_rcnn/false_negative": 1.0, "mask_rcnn/false_positive": 0.0, "roi_head/num_bg_samples": 121.5, "roi_head/num_fg_samples": 6.5, "rpn/num_neg_anchors": 243.5, "rpn/num_pos_anchors": 12.5, "time": 21.78066234360449, "total_loss": 1.918533118441701}
{"data_time": 0.0013540801592171192, "eta_seconds": 1314.1881340183318, "fast_rcnn/cls_accuracy": 0.8359375, "fast_rcnn/false_negative": 1.0, "fast_rcnn/fg_cls_accuracy": 0.0, "iteration": 39, "loss_box_reg": 0.6225156784057617, "loss_cls": 0.4316560924053192, "loss_mask": 0.4136369377374649, "loss_rpn_cls": 0.05835863947868347, "loss_rpn_loc": 0.025260422378778458, "lr": 0.0007992199999999999, "mask_rcnn/accuracy": 0.7718993394459233, "mask_rcnn/false_negative": 0.9819554829338428, "mask_rcnn/false_positive": 0.0, "roi_head/num_bg_samples": 107.0, "roi_head/num_fg_samples": 21.0, "rpn/num_neg_anchors": 244.25, "rpn/num_pos_anchors": 11.75, "time": 21.979290175950155, "total_loss": 1.6074052155017853}
{"data_time": 0.0012029099743813276, "eta_seconds": 876.1254226788878, "fast_rcnn/cls_accuracy": 0.86328125, "fast_rcnn/false_negative": 0.582156308851224, "fast_rcnn/fg_cls_accuracy": 0.4178436911487759, "iteration": 59, "loss_box_reg": 0.6485510468482971, "loss_cls": 0.32006172835826874, "loss_mask": 0.3069349378347397, "loss_rpn_cls": 0.028599437326192856, "loss_rpn_loc": 0.029371358454227448, "lr": 0.00119882, "mask_rcnn/accuracy": 0.8550132347695434, "mask_rcnn/false_negative": 0.39105506674481166, "mask_rcnn/false_positive": 0.04562006960074922, "roi_head/num_bg_samples": 106.0, "roi_head/num_fg_samples": 22.0, "rpn/num_neg_anchors": 242.0, "rpn/num_pos_anchors": 14.0, "time": 21.96791598247364, "total_loss": 1.4854541784152389}
{"data_time": 0.0012571041006594896, "eta_seconds": 438.7013831594959, "fast_rcnn/cls_accuracy": 0.857421875, "fast_rcnn/false_negative": 0.4951020408163265, "fast_rcnn/fg_cls_accuracy": 0.5048979591836735, "iteration": 79, "loss_box_reg": 0.722747802734375, "loss_cls": 0.29997240006923676, "loss_mask": 0.32025380432605743, "loss_rpn_cls": 0.031504965387284756, "loss_rpn_loc": 0.01845841482281685, "lr": 0.0015984200000000001, "mask_rcnn/accuracy": 0.8735976100966703, "mask_rcnn/false_negative": 0.3019810073293314, "mask_rcnn/false_positive": 0.048406450190714295, "roi_head/num_bg_samples": 103.75, "roi_head/num_fg_samples": 24.25, "rpn/num_neg_anchors": 244.75, "rpn/num_pos_anchors": 11.25, "time": 22.143439738545567, "total_loss": 1.3760634995996952}
{"data_time": 0.001183635089546442, "eta_seconds": 0.0, "fast_rcnn/cls_accuracy": 0.84375, "fast_rcnn/false_negative": 0.45989583333333334, "fast_rcnn/fg_cls_accuracy": 0.5401041666666666, "iteration": 99, "loss_box_reg": 0.8143285810947418, "loss_cls": 0.3234100043773651, "loss_mask": 0.31033073365688324, "loss_rpn_cls": 0.06049610674381256, "loss_rpn_loc": 0.039524683728814125, "lr": 0.00199802, "mask_rcnn/accuracy": 0.8724540898090005, "mask_rcnn/false_negative": 0.3129735402741011, "mask_rcnn/false_positive": 0.06438736131545267, "roi_head/num_bg_samples": 98.25, "roi_head/num_fg_samples": 29.75, "rpn/num_neg_anchors": 236.25, "rpn/num_pos_anchors": 19.75, "time": 22.603410325711593, "total_loss": 1.51788339484483}
{"data_time": 0.0011434981133788824, "eta_seconds": 6413.031671773642, "fast_rcnn/cls_accuracy": 0.87109375, "fast_rcnn/false_negative": 1.0, "fast_rcnn/fg_cls_accuracy": 0.0, "iteration": 19, "loss_box_reg": 0.0810435339808464, "loss_cls": 0.4776900112628937, "loss_mask": 0.6378071904182434, "loss_rpn_cls": 0.17874877154827118, "loss_rpn_loc": 0.032225145027041435, "lr": 0.00039962, "mask_rcnn/accuracy": 0.733493990481568, "mask_rcnn/false_negative": 1.0, "mask_rcnn/false_positive": 0.0, "roi_head/num_bg_samples": 122.25, "roi_head/num_fg_samples": 5.75, "rpn/num_neg_anchors": 242.25, "rpn/num_pos_anchors": 13.75, "time": 22.903684542048723, "total_loss": 1.5729839124251157}
{"data_time": 0.0013143785763531923, "eta_seconds": 6052.383633684367, "fast_rcnn/cls_accuracy": 0.859375, "fast_rcnn/false_negative": 1.0, "fast_rcnn/fg_cls_accuracy": 0.0, "iteration": 39, "loss_box_reg": 0.5317943692207336, "loss_cls": 0.3275379538536072, "loss_mask": 0.48765958845615387, "loss_rpn_cls": 0.06478777155280113, "loss_rpn_loc": 0.021191279403865337, "lr": 0.0007992199999999999, "mask_rcnn/accuracy": 0.7331435099292243, "mask_rcnn/false_negative": 1.0, "mask_rcnn/false_positive": 0.0, "roi_head/num_bg_samples": 110.0, "roi_head/num_fg_samples": 18.0, "rpn/num_neg_anchors": 245.5, "rpn/num_pos_anchors": 10.5, "time": 24.23254002025351, "total_loss": 1.5589515981264412}
{"data_time": 0.0011620165314525366, "eta_seconds": 5776.824258025736, "fast_rcnn/cls_accuracy": 0.845703125, "fast_rcnn/false_negative": 0.5825892857142857, "fast_rcnn/fg_cls_accuracy": 0.4174107142857143, "iteration": 59, "loss_box_reg": 0.8823619484901428, "loss_cls": 0.3400470018386841, "loss_mask": 0.32043056190013885, "loss_rpn_cls": 0.04189576767385006, "loss_rpn_loc": 0.032312667928636074, "lr": 0.00119882, "mask_rcnn/accuracy": 0.8842068645640073, "mask_rcnn/false_negative": 0.33244965246355607, "mask_rcnn/false_positive": 0.054638868654992734, "roi_head/num_bg_samples": 99.75, "roi_head/num_fg_samples": 28.25, "rpn/num_neg_anchors": 240.5, "rpn/num_pos_anchors": 15.5, "time": 25.207809407263994, "total_loss": 1.6662809867411852}
{"data_time": 0.0012095719575881958, "eta_seconds": 5268.418773901649, "fast_rcnn/cls_accuracy": 0.869140625, "fast_rcnn/false_negative": 0.48404255319148937, "fast_rcnn/fg_cls_accuracy": 0.5159574468085106, "iteration": 79, "loss_box_reg": 0.6550427973270416, "loss_cls": 0.28021450340747833, "loss_mask": 0.28843922913074493, "loss_rpn_cls": 0.026605067774653435, "loss_rpn_loc": 0.02505286131054163, "lr": 0.0015984200000000001, "mask_rcnn/accuracy": 0.8743707994298552, "mask_rcnn/false_negative": 0.2059068874991501, "mask_rcnn/false_positive": 0.07505588691799941, "roi_head/num_bg_samples": 105.0, "roi_head/num_fg_samples": 23.0, "rpn/num_neg_anchors": 244.75, "rpn/num_pos_anchors": 11.25, "time": 23.925881295930594, "total_loss": 1.2386414562352002}
{"data_time": 0.001185534056276083, "eta_seconds": 4842.0237134210765, "fast_rcnn/cls_accuracy": 0.865234375, "fast_rcnn/false_negative": 0.4140625, "fast_rcnn/fg_cls_accuracy": 0.5859375, "iteration": 99, "loss_box_reg": 0.7321019172668457, "loss_cls": 0.28385402262210846, "loss_mask": 0.258319228887558, "loss_rpn_cls": 0.01746483612805605, "loss_rpn_loc": 0.018912669271230698, "lr": 0.00199802, "mask_rcnn/accuracy": 0.8877130877688914, "mask_rcnn/false_negative": 0.2638472221514131, "mask_rcnn/false_positive": 0.06182834459042817, "roi_head/num_bg_samples": 101.0, "roi_head/num_fg_samples": 27.0, "rpn/num_neg_anchors": 246.0, "rpn/num_pos_anchors": 10.0, "time": 24.927380878012627, "total_loss": 1.3932679798454046}
{"data_time": 0.0011341327335685492, "eta_seconds": 4329.872632697225, "fast_rcnn/cls_accuracy": 0.86328125, "fast_rcnn/false_negative": 0.5149511213341, "fast_rcnn/fg_cls_accuracy": 0.48504887866589996, "iteration": 119, "loss_box_reg": 0.6719032227993011, "loss_cls": 0.29823750257492065, "loss_mask": 0.2823140025138855, "loss_rpn_cls": 0.018485672771930695, "loss_rpn_loc": 0.02232602797448635, "lr": 0.00239762, "mask_rcnn/accuracy": 0.8689081101190477, "mask_rcnn/false_negative": 0.3418336879987225, "mask_rcnn/false_positive": 0.06918900031228015, "roi_head/num_bg_samples": 105.5, "roi_head/num_fg_samples": 22.5, "rpn/num_neg_anchors": 245.25, "rpn/num_pos_anchors": 10.75, "time": 23.728287758072838,